��,�б���,��ġ��
���ı�,���﹮���ʵ��б�,2020/11/30
,���ﰡ���ʵ��б�,2020/11/30
,��������ʵ��б�,2016/10/20
,���Ｎ���ʵ��б�,2016/10/20
,����ǳ���ʵ��б�,2017/06/21
,����Ű��ʵ��б�,2017/06/22
,��������ʵ��б�,2020/11/30
,���﹮���ʵ��б�,2019/11/27
,����ſ��ʵ��б�,2017/06/23
,�������ʺ��ʵ��б�,2018/11/05
,��������ʵ��б�,2019/05/21
,��������ʵ��б�,2019/07/30
,�����õ�ʵ��б�,2019/05/21
,���￵ǳ�ʵ��б�,2019/12/20
,����ǳ���ʵ��б�,2019/12/20
,����ſ��ʵ��б�,2020/11/30
,���﹮���ʵ��б�,2020/11/30
,���ﰡ���ʵ��б�,2020/11/30
������,���ﱤ���ʵ��б�,2019/01/01
,���ﱤ���ʵ��б�,2016/01/01
,���Ｚ���ʵ��б�,2017/01/01
,����糲�ʵ��б�,2017/01/01
,����ž��ʵ��б�,2017/01/01
,���ﵿ���ʵ��б�,2017/01/01
,�����ʵ��б�,2017/01/01
,���ﵿ���ʵ��б�,2019/01/01
,�溹�ʵ��б�,2018/01/01
,���ﱸ���ʵ��б�,2019/01/01
,�����ھ��ʵ��б�,2019/01/01
,���ﱤ���ʵ��б�,2019/01/01
,��������ʵ��б�,2019/01/01
,��������ʵ��б�,2020/01/01
,�����ʵ��б�,2017/01/01
������,����浿�ʵ��б�,2020/08/30
,�������ʵ��б�,2018/04/30
,��������ʵ��б�,2017/09/26
,����ݺ��ʵ��б�,2019/07/05
,����ݿ��ʵ��б�,2017/12/09
,�����ȣ�ʵ��б�,2020/08/30
,���ﵿ���ʵ��б�,2020/08/30
,���ﵿȣ�ʵ��б�,2018/04/30
,���︶���ʵ��б�,2020/08/30
,���﹫���ʵ��б�,2018/04/30
,�������ʵ��б�,2020/08/30
,���Ｚ���ʵ��б�,2018/04/30
,����ۿ��ʵ��б�,2018/04/30
,��������ʵ��б�,2017/10/18
,��������ʵ��б�,2017/12/09
,��������ʵ��б�,2020/08/30
,�������ʵ��б�,2018/04/30
,���������ʵ��б�,2020/08/30
,��������ʵ��б�,2018/08/19
,���������ʵ��б�,2017/10/18
